{
  "fog": {
    "enabled": true,
    "color": "#12193b",
    "near": -114,
    "far": 692
  },
  "shadows": {
    "enabled": true,
    "quality": 1536
  },
  "helperGrid": {
    "visible": false
  },
  "ground": {
    "visible": true,
    "textureType": "seabed"
  },
  "timeSlice": {
    "value": 8
  },
  "camera": {
    "position": {
      "x": 124.14147141959623,
      "y": 73.67955627547816,
      "z": 25.76214632772647
    },
    "target": {
      "x": 53.88843344425862,
      "y": 0.6716188288480491,
      "z": 49.951400353937316
    }
  }
}